timestamp,time,id,channel,temperature,humidity,strike_count,storm_dist,active,rfi,ussb1,battery,exception,raw_msg,Console (Miles)
1536263521434,2018-09-06 19:52:01,14052,B,81.7,57,14,20,1,0,0,OK,0,b6e46f39d28d8e1443,15
1536263529303,2018-09-06 19:52:09,14052,B,81.7,57,14,20,1,0,0,OK,0,b6e46f39d28d8e1443,
1536263530345,2018-09-06 19:52:10,228,C,83.6,59,6,20,1,0,0,OK,0,00e46fbbd2a006149a,
1536263537681,2018-09-06 19:52:17,14052,B,81.7,57,14,20,1,0,0,OK,0,b6e46f39d28d8e1443,
1536263546079,2018-09-06 19:52:26,228,C,83.6,59,6,20,1,0,0,OK,0,00e46fbbd2a006149a,
1536263553413,2018-09-06 19:52:33,14052,B,81.5,57,14,20,1,0,0,OK,0,b6e46f39d28b8e1441,
1536263554469,2018-09-06 19:52:34,228,C,83.6,59,6,20,1,0,0,OK,0,00e46fbbd2a006149a,
1536263561250,2018-09-06 19:52:41,14052,B,81.5,57,14,10,1,0,1,OK,0,b6e46f39d28b8ecaf7,7
1536263562330,2018-09-06 19:52:42,228,C,83.6,59,6,20,1,1,0,OK,0,00e46fbbd2a006b43a,
1536263569634,2018-09-06 19:52:49,14052,B,81.5,57,14,10,1,0,1,OK,0,b6e46f39d28b8ecaf7,
1536263570161,2018-09-06 19:52:50,228,C,83.3,59,6,20,1,1,0,OK,0,00e46fbbd21d06b4b7,
1536263577526,2018-09-06 19:52:57,14052,B,81.5,57,14,10,1,0,1,OK,0,b6e46f39d28b8ecaf7,
1536263578577,2018-09-06 19:52:58,228,C,83.3,59,6,20,1,0,0,OK,0,00e46fbbd21d061417,
1536263586420,2018-09-06 19:53:06,228,C,83.3,59,6,20,1,0,0,OK,0,00e46fbbd21d061417,
1536263593259,2018-09-06 19:53:13,14052,B,81.3,58,14,10,1,0,1,OK,0,b6e46f3ad2098eca76,
1536263594309,2018-09-06 19:53:14,228,C,83.3,59,6,20,1,0,0,OK,0,00e46fbbd21d061417,
1536263601615,2018-09-06 19:53:21,14052,B,81.3,58,14,10,1,0,1,OK,0,b6e46f3ad2098eca76,
1536263602172,2018-09-06 19:53:22,228,C,83.3,59,6,20,1,1,0,OK,0,00e46fbbd21d06b4b7,
1536263609510,2018-09-06 19:53:29,14052,B,81.3,58,14,10,1,0,1,OK,0,b6e46f3ad2098eca76,
1536263611056,2018-09-06 19:53:31,228,C,83.3,59,6,20,1,0,0,OK,0,00e46fbbd21d061417,
1536263617456,2018-09-06 19:53:37,14052,B,80.9,58,14,10,1,0,1,OK,0,b6e46f3ad2058eca72,
1536263625242,2018-09-06 19:53:45,14052,B,80.9,58,14,10,1,0,1,OK,0,b6e46f3ad2058eca72,
1536263626287,2018-09-06 19:53:46,228,C,83.1,59,6,20,1,0,0,OK,0,00e46fbbd21b061415,
1536263641465,2018-09-06 19:54:01,14052,B,80.8,58,14,10,1,0,1,OK,0,b6e46f3ad2848ecaf1,
1536263642549,2018-09-06 19:54:02,228,C,83.1,59,7,17,1,0,0,OK,0,00e46fbbd21b871193,
1536263650380,2018-09-06 19:54:10,228,C,83.1,59,7,17,1,1,0,OK,0,00e46fbbd21b87b133,
1536263657744,2018-09-06 19:54:17,14052,B,80.8,58,14,10,1,0,1,OK,0,b6e46f3ad2848ecaf1,
1536263658244,2018-09-06 19:54:18,228,C,83.1,59,7,17,1,0,0,OK,0,00e46fbbd21b871193,
1536263665610,2018-09-06 19:54:25,14052,B,80.8,58,14,10,1,1,1,OK,0,b6e46f3ad2848e6a91,
1536263673476,2018-09-06 19:54:33,14052,B,80.8,58,14,10,1,0,1,OK,0,b6e46f3ad2848ecaf1,
1536263681834,2018-09-06 19:54:41,14052,B,80.8,58,14,10,1,1,1,OK,0,b6e46f3ad2848e6a91,
1536263682454,2018-09-06 19:54:42,228,C,82.7,60,7,17,1,1,0,OK,0,00e46f3cd21787b1b0,
1536263689733,2018-09-06 19:54:49,14052,B,80.6,58,14,10,1,1,1,OK,0,b6e46f3ad2828e6a8f,
1536263690271,2018-09-06 19:54:50,228,C,82.4,60,7,17,1,0,0,OK,0,00e46f3cd21487110d,
1536263697587,2018-09-06 19:54:57,14052,B,80.6,58,14,10,1,0,1,OK,0,b6e46f3ad2828ecaef,
1536263705466,2018-09-06 19:55:05,14052,B,80.6,58,15,10,1,0,0,OK,0,b6e46f3ad2820f0ab0,
1536263713324,2018-09-06 19:55:13,14052,B,80.2,58,15,10,1,0,0,OK,0,b6e46f3ad17e0f0aab,7
1536263714370,2018-09-06 19:55:14,228,C,82.2,60,7,8,1,1,1,OK,0,00e46f3cd21287e8e2,
1536263721712,2018-09-06 19:55:21,14052,B,80.2,58,15,10,1,0,0,OK,0,b6e46f3ad17e0f0aab,
1536263722211,2018-09-06 19:55:22,228,C,82.2,60,7,8,1,0,1,OK,0,00e46f3cd212874842,
1536263729579,2018-09-06 19:55:29,14052,B,80.2,58,15,10,1,0,0,OK,0,b6e46f3ad17e0f0aab,
1536263730071,2018-09-06 19:55:30,228,C,82.2,60,7,8,1,0,1,OK,0,00e46f3cd212874842,
1536263737409,2018-09-06 19:55:37,14052,B,80,58,15,10,1,0,0,OK,0,b6e46f3ad1fc0f0a29,
1536263738487,2018-09-06 19:55:38,228,C,81.8,62,8,8,1,0,0,OK,0,00e46fbed28e888881,
1536263745312,2018-09-06 19:55:45,14052,B,80,58,15,10,1,0,0,OK,0,b6e46f3ad1fc0f0a29,
1536263746348,2018-09-06 19:55:46,228,C,81.8,62,8,8,1,0,0,OK,0,00e46fbed28e888881,
1536263762155,2018-09-06 19:56:02,228,C,81.7,63,8,8,1,0,0,OK,0,00e46f3fd28d888801,
1536263769391,2018-09-06 19:56:09,14052,B,80,59,15,10,1,1,0,OK,0,b6e46fbbd1fc0faa4a,
1536263770540,2018-09-06 19:56:10,228,C,81.7,63,8,8,1,0,0,OK,0,00e46f3fd28d888801,
1536263778335,2018-09-06 19:56:18,228,C,81.7,63,8,8,1,1,0,OK,0,00e46f3fd28d8828a1,
1536263786170,2018-09-06 19:56:26,228,C,81.7,64,8,8,1,1,0,OK,0,00e46fc0d28d882822,
1536263794040,2018-09-06 19:56:34,228,C,81.7,64,8,8,1,0,0,OK,0,00e46fc0d28d888882,
1536263801474,2018-09-06 19:56:41,14052,B,79.9,59,15,10,1,0,0,OK,0,b6e46fbbd17b0f0a29,
1536263802458,2018-09-06 19:56:42,228,C,81.7,64,8,8,1,1,0,OK,0,00e46fc0d28d882822,
1536263809407,2018-09-06 19:56:49,14052,B,79.5,59,15,10,1,1,0,OK,0,b6e46fbbd1770faac5,
1536263817651,2018-09-06 19:56:57,14052,B,79.5,59,15,10,1,0,0,OK,0,b6e46fbbd1770f0a25,
1536263825530,2018-09-06 19:57:05,14052,B,79.5,59,15,10,1,0,0,OK,0,b6e46fbbd1770f0a25,
1536263833358,2018-09-06 19:57:13,14052,B,79.3,61,15,10,1,0,0,OK,0,b6e46fbdd1f50f0aa5,
1536263834444,2018-09-06 19:57:14,228,C,81.1,64,8,8,1,1,0,OK,0,00e46fc0d28788281c,
1536263841249,2018-09-06 19:57:21,14052,B,79.3,61,15,10,1,0,0,OK,0,b6e46fbdd1f50f0aa5,
1536263842302,2018-09-06 19:57:22,228,C,81.1,64,8,8,1,1,0,OK,0,00e46fc0d28788281c,
1536263850135,2018-09-06 19:57:30,228,C,81.1,64,8,8,1,0,0,OK,0,00e46fc0d28788887c,
1536263857501,2018-09-06 19:57:37,14052,B,79.3,61,15,10,1,1,0,OK,0,b6e46fbdd1f50faa45,
1536263865372,2018-09-06 19:57:45,14052,B,79.3,61,15,10,1,0,0,OK,0,b6e46fbdd1f50f0aa5,
1536263866382,2018-09-06 19:57:46,228,C,81.1,64,8,8,1,0,1,OK,0,00e46fc0d28788483c,
1536263873234,2018-09-06 19:57:53,14052,B,79.3,61,15,10,1,0,0,OK,0,b6e46fbdd1f50f0aa5,
1536263890533,2018-09-06 19:58:10,228,C,80.9,64,8,8,1,0,1,OK,0,00e46fc0d2058848ba,
1536263897505,2018-09-06 19:58:17,14052,B,79.3,64,15,10,1,0,0,OK,0,b6e46fc0d1f50f0aa8,
1536263898396,2018-09-06 19:58:18,228,C,80.9,64,8,8,1,0,1,OK,0,00e46fc0d2058848ba,
1536263905732,2018-09-06 19:58:25,14052,B,79.1,64,15,10,1,0,0,OK,0,b6e46fc0d1f30f0aa6,
1536263906232,2018-09-06 19:58:26,228,C,80.9,65,8,8,1,0,1,OK,0,00e46f41d20588483b,
1536263913619,2018-09-06 19:58:33,14052,B,79.1,64,15,10,1,0,0,OK,0,b6e46fc0d1f30f0aa6,
1536263914172,2018-09-06 19:58:34,228,C,80.9,65,9,8,1,0,0,OK,0,00e46f41d2050988fc,
1536263921466,2018-09-06 19:58:41,14052,B,79.1,64,15,10,1,0,0,OK,0,b6e46fc0d1f30f0aa6,
1536263922520,2018-09-06 19:58:42,228,C,80.9,65,9,8,1,0,0,OK,0,00e46f41d2050988fc,
1536263929401,2018-09-06 19:58:49,14052,B,79.9,62,15,10,1,0,0,OK,0,b6e46fbed17b0f0a2c,
1536263938215,2018-09-06 19:58:58,228,C,80.6,65,9,8,1,0,0,OK,0,00e46f41d282098879,
1536263945581,2018-09-06 19:59:05,14052,B,79.9,62,15,10,1,0,0,OK,0,b6e46fbed17b0f0a2c,
1536263946146,2018-09-06 19:59:06,228,C,80.6,65,9,8,1,0,0,OK,0,00e46f41d282098879,
1536263953457,2018-09-06 19:59:13,14052,B,78.4,63,15,10,1,1,0,OK,0,b6e46f3fd16c0faa3e,
1536263961343,2018-09-06 19:59:21,14052,B,78.4,63,15,10,1,0,0,OK,0,b6e46f3fd16c0f0a9e,
1536263962341,2018-09-06 19:59:22,228,C,80.2,65,9,8,1,0,1,OK,0,00e46f41d17e094834,
1536263969696,2018-09-06 19:59:29,14052,B,78.4,63,15,10,1,0,0,OK,0,b6e46f3fd16c0f0a9e,
1536263970196,2018-09-06 19:59:30,228,C,80.2,65,9,8,1,0,1,OK,0,00e46f41d17e094834,
1536263977564,2018-09-06 19:59:37,14052,B,78.2,63,15,10,1,0,0,OK,0,b6e46f3fd16a0f0a9c,
1536263978101,2018-09-06 19:59:38,228,C,80.2,65,9,8,1,0,1,OK,0,00e46f41d17e094834,
1536263985429,2018-09-06 19:59:45,14052,B,78.2,63,15,10,1,0,0,OK,0,b6e46f3fd16a0f0a9c,
1536263986475,2018-09-06 19:59:46,228,C,80.2,65,9,8,1,1,1,OK,0,00e46f41d17e09e8d4,
1536263993291,2018-09-06 19:59:53,14052,B,78.2,63,15,10,1,0,1,OK,0,b6e46f3fd16a0fca5c,
1536264001676,2018-09-06 20:00:01,14052,B,77.9,63,15,10,1,0,1,OK,0,b6e46f3fd1e70fcad9,
1536264002176,2018-09-06 20:00:02,228,C,80,65,9,8,1,0,1,OK,0,00e46f41d1fc0948b2,
1536264009541,2018-09-06 20:00:09,14052,B,77.9,63,15,10,1,0,1,OK,0,b6e46f3fd1e70fcad9,
1536264010044,2018-09-06 20:00:10,228,C,80,65,9,8,1,1,1,OK,0,00e46f41d1fc09e852,
1536264018459,2018-09-06 20:00:18,228,C,80,65,9,8,1,0,1,OK,0,00e46f41d1fc0948b2,
1536264025271,2018-09-06 20:00:25,14052,B,77.7,63,15,10,1,0,1,OK,0,b6e46f3fd1650fca57,
1536264026320,2018-09-06 20:00:26,228,C,79.7,66,9,8,1,0,1,OK,0,00e46f42d1f90948b0,
1536264033657,2018-09-06 20:00:33,14052,B,77.7,63,15,10,1,0,1,OK,0,b6e46f3fd1650fca57,
1536264041504,2018-09-06 20:00:41,14052,B,77.7,63,15,10,1,0,1,OK,0,b6e46f3fd1650fca57,
1536264058291,2018-09-06 20:00:58,228,C,79.7,66,9,8,1,0,1,OK,0,00e46f42d1f90948b0,
1536264066144,2018-09-06 20:01:06,228,C,79.7,66,9,8,1,1,1,OK,0,00e46f42d1f909e850,
1536264074551,2018-09-06 20:01:14,228,C,79.5,67,9,8,1,0,1,OK,0,00e46fc3d1770948af,
1536264081373,2018-09-06 20:01:21,14052,B,77.3,64,15,10,1,0,1,OK,0,b6e46fc0d1e10fca54,
1536264089240,2018-09-06 20:01:29,14052,B,77.3,64,15,10,1,1,1,OK,0,b6e46fc0d1e10f6af4,
1536264090287,2018-09-06 20:01:30,228,C,79.5,67,9,8,1,1,1,OK,0,00e46fc3d17709e84f,
1536264097605,2018-09-06 20:01:37,14052,B,77,65,16,10,1,1,0,OK,0,b6e46f41d1de90aa33,
1536264098131,2018-09-06 20:01:38,228,C,79.5,67,10,8,1,0,0,OK,0,00e46fc3d1770a88f0,
1536264113846,2018-09-06 20:01:53,14052,B,77,65,16,10,1,0,0,OK,0,b6e46f41d1de900a93,7
1536264121188,2018-09-06 20:02:01,14052,B,76.8,65,16,10,1,0,0,OK,0,b6e46f41d15c900a11,
1536264122269,2018-09-06 20:02:02,228,C,79.1,69,10,8,1,0,0,OK,0,00e46fc5d1f30a886e,
1536264129602,2018-09-06 20:02:09,14052,B,76.8,65,16,10,1,0,0,OK,0,b6e46f41d15c900a11,
1536264138487,2018-09-06 20:02:18,228,C,79.1,69,10,8,1,0,0,OK,0,00e46fc5d1f30a886e,
1536264145329,2018-09-06 20:02:25,14052,B,76.6,66,16,10,1,1,0,OK,0,b6e46f42d15a90aab0,
1536264146387,2018-09-06 20:02:26,228,C,78.6,69,10,8,1,1,0,OK,0,00e46fc5d1ee0a2809,
1536264161558,2018-09-06 20:02:41,14052,B,76.6,66,16,10,1,0,0,OK,0,b6e46f42d15a900a10,
1536264162085,2018-09-06 20:02:42,228,C,78.6,69,10,8,1,0,0,OK,0,00e46fc5d1ee0a8869,
1536264169425,2018-09-06 20:02:49,14052,B,76.6,66,16,10,1,0,0,OK,0,b6e46f42d15a900a10,
1536264177291,2018-09-06 20:02:57,14052,B,76.6,66,16,10,1,0,0,OK,0,b6e46f42d15a900a10,
1536264185705,2018-09-06 20:03:05,14052,B,76.6,66,16,10,1,0,0,OK,0,b6e46f42d15a900a10,
1536264193570,2018-09-06 20:03:13,14052,B,76.4,66,16,10,1,0,0,OK,0,b6e46f42d1d8900a8e,
1536264202450,2018-09-06 20:03:22,228,C,78.6,70,10,8,1,0,0,OK,0,00e46fc6d1ee0a886a,
1536264209267,2018-09-06 20:03:29,14052,B,76.4,66,16,10,1,0,0,OK,0,b6e46f42d1d8900a8e,
1536264210325,2018-09-06 20:03:30,228,C,78.6,70,10,8,1,0,0,OK,0,00e46fc6d1ee0a886a,
1536264217686,2018-09-06 20:03:37,14052,B,76.1,66,16,10,1,0,0,OK,0,b6e46f42d155900a0b,
1536264218187,2018-09-06 20:03:38,228,C,78.4,70,10,8,1,0,0,OK,0,00e46fc6d16c0a88e8,
1536264225517,2018-09-06 20:03:45,14052,B,76.1,66,16,10,1,0,0,OK,0,b6e46f42d155900a0b,
1536264226053,2018-09-06 20:03:46,228,C,78.4,70,10,8,1,1,0,OK,0,00e46fc6d16c0a2888,
1536264241256,2018-09-06 20:04:01,14052,B,76.1,66,16,10,1,1,0,OK,0,b6e46f42d15590aaab,
1536264242309,2018-09-06 20:04:02,228,C,78.4,70,10,8,1,1,0,OK,0,00e46fc6d16c0a2888,
1536264249667,2018-09-06 20:04:09,14052,B,76.1,66,16,10,1,0,0,OK,0,b6e46f42d155900a0b,
1536264250219,2018-09-06 20:04:10,228,C,78.4,70,10,8,1,0,0,OK,0,00e46fc6d16c0a88e8,
1536264257506,2018-09-06 20:04:17,14052,B,76.1,66,16,10,1,0,0,OK,0,b6e46f42d155900a0b,
1536264258030,2018-09-06 20:04:18,228,C,78.4,70,10,8,1,0,0,OK,0,00e46fc6d16c0a88e8,
1536264265386,2018-09-06 20:04:25,14052,B,75.9,66,16,10,1,0,0,OK,0,b6e46f42d153900a09,
1536264266445,2018-09-06 20:04:26,228,C,78.2,70,10,8,1,0,0,OK,0,00e46fc6d16a0a88e6,
1536264273232,2018-09-06 20:04:33,14052,B,75.9,66,16,10,1,0,0,OK,0,b6e46f42d153900a09,
1536264274282,2018-09-06 20:04:34,228,C,78.2,70,10,8,1,0,0,OK,0,00e46fc6d16a0a88e6,
1536264290556,2018-09-06 20:04:50,228,C,78.2,70,10,8,1,0,0,OK,0,00e46fc6d16a0a88e6,
1536264297382,2018-09-06 20:04:57,14052,B,75.5,66,16,10,1,0,0,OK,0,b6e46f42d1cf900a85,
1536264298436,2018-09-06 20:04:58,228,C,78.2,70,11,8,1,0,0,OK,0,00e46fc6d16a8b8867,
1536264305291,2018-09-06 20:05:05,14052,B,75.5,66,16,10,1,0,1,OK,0,b6e46f42d1cf90ca45,
1536264306327,2018-09-06 20:05:06,228,C,78.2,70,11,8,1,0,1,OK,0,00e46fc6d16a8b4827,
1536264313601,2018-09-06 20:05:13,14052,B,75.4,68,16,10,1,0,1,OK,0,b6e46f44d14e90cac6,
1536264314170,2018-09-06 20:05:14,228,C,77.9,70,11,8,1,0,1,OK,0,00e46fc6d1e78b48a4,
1536264321486,2018-09-06 20:05:21,14052,B,75.4,68,16,10,1,0,1,OK,0,b6e46f44d14e90cac6,
1536264322512,2018-09-06 20:05:22,228,C,77.9,70,11,8,1,0,1,OK,0,00e46fc6d1e78b48a4,
1536264330375,2018-09-06 20:05:30,228,C,77.9,70,11,8,1,0,1,OK,0,00e46fc6d1e78b48a4,
1536264337233,2018-09-06 20:05:37,14052,B,75.2,69,16,10,1,1,1,OK,0,b6e46fc5d1cc906a65,
1536264345612,2018-09-06 20:05:45,14052,B,75.2,69,16,10,1,0,1,OK,0,b6e46fc5d1cc90cac5,
1536264346224,2018-09-06 20:05:46,228,C,77.9,70,11,8,1,1,1,OK,0,00e46fc6d1e78be844,
1536264353478,2018-09-06 20:05:53,14052,B,75.2,69,16,10,1,0,1,OK,0,b6e46fc5d1cc90cac5,
1536264369732,2018-09-06 20:06:09,14052,B,75,69,16,10,1,0,1,OK,0,b6e46fc5d1ca90cac3,
1536264370227,2018-09-06 20:06:10,228,C,77.7,70,11,8,1,0,1,OK,0,00e46fc6d1658b4822,
1536264377567,2018-09-06 20:06:17,14052,B,75,69,16,10,1,0,1,OK,0,b6e46fc5d1ca90cac3,
1536264378404,2018-09-06 20:06:18,228,C,77.7,70,11,8,1,1,1,OK,0,00e46fc6d1658be8c2,
1536264386505,2018-09-06 20:06:26,228,C,77.7,70,11,8,1,0,1,OK,0,00e46fc6d1658b4822,
1536264393293,2018-09-06 20:06:33,14052,B,74.6,68,16,10,1,0,1,OK,0,b6e46f44d1c690ca3e,
1536264394461,2018-09-06 20:06:34,228,C,77.7,70,11,8,1,0,1,OK,0,00e46fc6d1658b4822,
1536264401707,2018-09-06 20:06:41,14052,B,74.6,68,16,10,1,0,1,OK,0,b6e46f44d1c690ca3e,
1536264402208,2018-09-06 20:06:42,228,C,77.7,70,11,8,1,0,1,OK,0,00e46fc6d1658b4822,
1536264409579,2018-09-06 20:06:49,14052,B,74.6,68,16,10,1,0,1,OK,0,b6e46f44d1c690ca3e,
1536264417440,2018-09-06 20:06:57,14052,B,74.6,68,16,10,1,0,1,OK,0,b6e46f44d1c690ca3e,
1536264425366,2018-09-06 20:07:05,14052,B,74.6,68,16,10,1,0,1,OK,0,b6e46f44d1c690ca3e,
1536264442065,2018-09-06 20:07:22,228,C,77.3,71,12,8,1,0,0,OK,0,00e46f47d1e10c88e0,
1536264449387,2018-09-06 20:07:29,14052,B,74.6,68,16,10,1,0,1,OK,0,b6e46f44d1c690ca3e,
1536264457803,2018-09-06 20:07:37,14052,B,74.3,68,16,10,1,0,1,OK,0,b6e46f44d1c390ca3b,
1536264458338,2018-09-06 20:07:38,228,C,77.3,71,12,8,1,0,0,OK,0,00e46f47d1e10c88e0,
1536264465750,2018-09-06 20:07:45,14052,B,74.3,68,16,10,1,0,1,OK,0,b6e46f44d1c390ca3b,
1536264466199,2018-09-06 20:07:46,228,C,77.3,71,12,8,1,0,0,OK,0,00e46f47d1e10c88e0,
1536264481425,2018-09-06 20:08:01,14052,B,74.1,68,16,10,1,0,1,OK,0,b6e46f44d14190cab9,
1536264482430,2018-09-06 20:08:02,228,C,77.3,71,12,8,1,0,1,OK,0,00e46f47d1e10c48a0,
1536264489271,2018-09-06 20:08:09,14052,B,74.1,68,16,10,1,1,1,OK,0,b6e46f44d141906a59,
1536264497651,2018-09-06 20:08:17,14052,B,74.1,68,16,10,1,0,1,OK,0,b6e46f44d14190cab9,
1536264498150,2018-09-06 20:08:18,228,C,77.3,71,12,8,1,0,1,OK,0,00e46f47d1e10c48a0,
1536264505517,2018-09-06 20:08:25,14052,B,73.9,70,16,10,1,0,1,OK,0,b6e46fc6d13f90ca39,
1536264513384,2018-09-06 20:08:33,14052,B,73.9,70,16,10,1,0,1,OK,0,b6e46fc6d13f90ca39,
1536264521262,2018-09-06 20:08:41,14052,B,73.9,70,16,10,1,0,1,OK,0,b6e46fc6d13f90ca39,
1536264522327,2018-09-06 20:08:42,228,C,77.2,72,12,8,1,0,1,OK,0,00e46f48d1600c4820,
1536264529662,2018-09-06 20:08:49,14052,B,73.9,70,16,10,1,0,1,OK,0,b6e46fc6d13f90ca39,
1536264537496,2018-09-06 20:08:57,14052,B,73.9,70,17,10,1,1,0,OK,0,b6e46fc6d13f11aa9a,
1536264561619,2018-09-06 20:09:21,14052,B,73.7,70,17,10,1,1,0,OK,0,b6e46fc6d1bd11aa18,
1536264578367,2018-09-06 20:09:38,228,C,77,71,12,8,1,0,1,OK,0,00e46f47d1de0c489d,
1536264586233,2018-09-06 20:09:46,228,C,77,71,12,8,1,0,1,OK,0,00e46f47d1de0c489d,
1536264593592,2018-09-06 20:09:53,14052,B,73.6,70,17,10,1,0,0,OK,0,b6e46fc6d13c110af7,
1536264601474,2018-09-06 20:10:01,14052,B,73.4,71,17,10,1,0,0,OK,0,b6e46f47d13a110a76,
1536264609334,2018-09-06 20:10:09,14052,B,73.4,71,17,10,1,0,0,OK,0,b6e46f47d13a110a76,
1536264610377,2018-09-06 20:10:10,228,C,77,72,12,8,1,0,1,OK,0,00e46f48d1de0c489e,
1536264617685,2018-09-06 20:10:17,14052,B,73.4,71,17,12,1,0,1,OK,0,b6e46f47d13a11cc38,
1536264618246,2018-09-06 20:10:18,228,C,77,72,12,8,1,1,1,OK,0,00e46f48d1de0ce83e,
1536264625576,2018-09-06 20:10:25,14052,B,73.4,70,17,12,1,0,1,OK,0,b6e46fc6d13a11ccb7,
1536264626081,2018-09-06 20:10:26,228,C,77,72,12,8,1,0,1,OK,0,00e46f48d1de0c489e,
1536264634507,2018-09-06 20:10:34,228,C,77,72,12,8,1,1,1,OK,0,00e46f48d1de0ce83e,
1536264641286,2018-09-06 20:10:41,14052,B,73.4,70,17,12,1,0,1,OK,0,b6e46fc6d13a11ccb7,
1536264642334,2018-09-06 20:10:42,228,C,77,72,12,8,1,0,1,OK,0,00e46f48d1de0c489e,
1536264665394,2018-09-06 20:11:05,14052,B,72.3,70,17,12,1,0,1,OK,0,b6e46fc6d1af11cc2c,
1536264666445,2018-09-06 20:11:06,228,C,77,71,12,8,1,0,1,OK,0,00e46f47d1de0c489d,
1536264674315,2018-09-06 20:11:14,228,C,76.6,73,12,8,1,0,1,OK,0,00e46fc9d15a0c489b,
1536264681665,2018-09-06 20:11:21,14052,B,72.8,70,18,12,1,0,0,OK,0,b6e46fc6d1b4120c72,9
1536264682187,2018-09-06 20:11:22,228,C,76.6,73,12,8,1,1,1,OK,0,00e46fc9d15a0ce83b,
1536264689512,2018-09-06 20:11:29,14052,B,72.8,70,18,12,1,0,0,OK,0,b6e46fc6d1b4120c72,
1536264690673,2018-09-06 20:11:30,228,C,76.6,73,12,8,1,1,1,OK,0,00e46fc9d15a0ce83b,
1536264697503,2018-09-06 20:11:37,14052,B,72.8,72,18,12,1,1,0,OK,0,b6e46f48d1b412ac94,
1536264698458,2018-09-06 20:11:38,228,C,76.6,73,12,8,1,0,1,OK,0,00e46fc9d15a0c489b,
1536264705330,2018-09-06 20:11:45,14052,B,72.8,72,18,12,1,0,0,OK,0,b6e46f48d1b4120cf4,
1536264706364,2018-09-06 20:11:46,228,C,76.6,73,12,8,1,0,1,OK,0,00e46fc9d15a0c489b,
1536264713666,2018-09-06 20:11:53,14052,B,72.8,72,18,12,1,0,0,OK,0,b6e46f48d1b4120cf4,
1536264721494,2018-09-06 20:12:01,14052,B,72.7,72,18,12,1,0,0,OK,0,b6e46f48d133120c73,
1536264737345,2018-09-06 20:12:17,14052,B,72.7,72,18,12,1,0,0,OK,0,b6e46f48d133120c73,
1536264745613,2018-09-06 20:12:25,14052,B,72.7,71,18,12,1,0,0,OK,0,b6e46f47d133120c72,
1536264753518,2018-09-06 20:12:33,14052,B,72.7,71,18,12,1,0,0,OK,0,b6e46f47d133120c72,
1536264762427,2018-09-06 20:12:42,228,C,76.6,73,13,8,1,0,0,OK,0,00e46fc9d15a8d885c,
1536264770294,2018-09-06 20:12:50,228,C,76.4,73,13,8,1,0,0,OK,0,00e46fc9d1d88d88da,
1536264777624,2018-09-06 20:12:57,14052,B,72.5,71,18,12,1,0,0,OK,0,b6e46f47d1b1120cf0,
1536264786540,2018-09-06 20:13:06,228,C,76.4,73,13,8,1,0,0,OK,0,00e46fc9d1d88d88da,
1536264793357,2018-09-06 20:13:13,14052,B,72.3,70,18,12,1,0,0,OK,0,b6e46fc6d1af120c6d,
1536264794416,2018-09-06 20:13:14,228,C,76.4,73,13,8,1,0,1,OK,0,00e46fc9d1d88d489a,
1536264801742,2018-09-06 20:13:21,14052,B,72.3,70,18,12,1,0,0,OK,0,b6e46fc6d1af120c6d,
1536264802237,2018-09-06 20:13:22,228,C,76.4,73,13,8,1,0,1,OK,0,00e46fc9d1d88d489a,
1536264809601,2018-09-06 20:13:29,14052,B,72.3,70,18,12,1,0,0,OK,0,b6e46fc6d1af120c6d,
1536264810106,2018-09-06 20:13:30,228,C,76.4,73,13,8,1,0,1,OK,0,00e46fc9d1d88d489a,
1536264817444,2018-09-06 20:13:37,14052,B,72.3,71,18,12,1,1,0,OK,0,b6e46f47d1af12ac8e,
1536264818509,2018-09-06 20:13:38,228,C,76.1,73,13,8,1,1,1,OK,0,00e46fc9d1558de8b7,
1536264825825,2018-09-06 20:13:45,14052,B,72.3,71,18,12,1,0,0,OK,0,b6e46f47d1af120cee,
1536264826354,2018-09-06 20:13:46,228,C,76.1,73,13,8,1,0,1,OK,0,00e46fc9d1558d4817,
1536264833721,2018-09-06 20:13:53,14052,B,72.3,71,18,12,1,0,0,OK,0,b6e46f47d1af120cee,
1536264841558,2018-09-06 20:14:01,14052,B,71.4,71,18,12,1,0,0,OK,0,b6e46f47d1a6120ce5,
1536264842165,2018-09-06 20:14:02,228,C,76.1,73,13,8,1,0,1,OK,0,00e46fc9d1558d4817,
1536264849446,2018-09-06 20:14:09,14052,B,71.4,71,18,12,1,1,0,OK,0,b6e46f47d1a612ac85,
1536264857291,2018-09-06 20:14:17,14052,B,71.4,71,18,12,1,0,0,OK,0,b6e46f47d1a6120ce5,
1536264858373,2018-09-06 20:14:18,228,C,76.1,73,13,8,1,0,1,OK,0,00e46fc9d1558d4817,
1536264865702,2018-09-06 20:14:25,14052,B,72.1,71,18,12,1,0,0,OK,0,b6e46f47d12d120c6c,
1536264866205,2018-09-06 20:14:26,228,C,76.1,73,13,8,1,1,1,OK,0,00e46fc9d1558de8b7,
1536264873562,2018-09-06 20:14:33,14052,B,72.1,71,18,12,1,1,0,OK,0,b6e46f47d12d12ac0c,
1536264874125,2018-09-06 20:14:34,228,C,76.1,73,13,8,1,1,1,OK,0,00e46fc9d1558de8b7,
1536264882485,2018-09-06 20:14:42,228,C,76.1,73,13,8,1,0,1,OK,0,00e46fc9d1558d4817,
1536264889846,2018-09-06 20:14:49,14052,B,72.1,72,18,12,1,0,0,OK,0,b6e46f48d12d120c6d,
1536264890317,2018-09-06 20:14:50,228,C,75.9,73,13,8,1,0,1,OK,0,00e46fc9d1538d4815,
1536264897682,2018-09-06 20:14:57,14052,B,72.1,72,18,12,1,0,0,OK,0,b6e46f48d12d120c6d,
1536264905520,2018-09-06 20:15:05,14052,B,72.1,72,18,12,1,0,0,OK,0,b6e46f48d12d120c6d,
1536264906148,2018-09-06 20:15:06,228,C,75.9,73,13,8,1,0,1,OK,0,00e46fc9d1538d4815,
1536264914467,2018-09-06 20:15:14,228,C,75.9,73,13,8,1,0,1,OK,0,00e46fc9d1538d4815,
1536264921277,2018-09-06 20:15:21,14052,B,71.9,71,18,12,1,0,0,OK,0,b6e46f47d12b120c6a,
1536264922339,2018-09-06 20:15:22,228,C,75.9,73,13,8,1,0,1,OK,0,00e46fc9d1538d4815,
1536264930284,2018-09-06 20:15:30,228,C,75.9,73,13,8,1,0,1,OK,0,00e46fc9d1538d4815,
1536264937526,2018-09-06 20:15:37,14052,B,71.9,72,18,12,1,0,0,OK,0,b6e46f48d12b120c6b,
1536264938034,2018-09-06 20:15:38,228,C,75.9,74,13,8,1,0,1,OK,0,00e46fcad1538d4816,
1536264945371,2018-09-06 20:15:45,14052,B,71.9,72,18,12,1,0,0,OK,0,b6e46f48d12b120c6b,
1536264946454,2018-09-06 20:15:46,228,C,75.9,74,13,8,1,0,1,OK,0,00e46fcad1538d4816,
1536264953263,2018-09-06 20:15:53,14052,B,71.9,72,18,12,1,0,0,OK,0,b6e46f48d12b120c6b,
1536264954313,2018-09-06 20:15:54,228,C,75.9,74,13,8,1,0,1,OK,0,00e46fcad1538d4816,
1536264961619,2018-09-06 20:16:01,14052,B,71.8,72,18,12,1,0,1,OK,0,b6e46f48d1aa12ccaa,
1536264962148,2018-09-06 20:16:02,228,C,75.9,74,13,8,1,1,1,OK,0,00e46fcad1538de8b6,
1536264969509,2018-09-06 20:16:09,14052,B,71.8,72,18,12,1,0,1,OK,0,b6e46f48d1aa12ccaa,
1536264977380,2018-09-06 20:16:17,14052,B,71.8,72,18,12,1,0,1,OK,0,b6e46f48d1aa12ccaa,
1536264978406,2018-09-06 20:16:18,228,C,75.9,74,13,8,1,0,1,OK,0,00e46fcad1538d4816,
1536264985214,2018-09-06 20:16:25,14052,B,71.8,72,18,12,1,0,1,OK,0,b6e46f48d1aa12ccaa,
1536264986295,2018-09-06 20:16:26,228,C,75.5,74,13,8,1,0,1,OK,0,00e46fcad1cf8d4892,
1536264993608,2018-09-06 20:16:33,14052,B,71.8,72,18,12,1,0,1,OK,0,b6e46f48d1aa12ccaa,
1536264994130,2018-09-06 20:16:34,228,C,75.5,74,13,8,1,0,1,OK,0,00e46fcad1cf8d4892,
1536265001577,2018-09-06 20:16:41,14052,B,71.8,72,18,12,1,0,1,OK,0,b6e46f48d1aa12ccaa,
1536265002545,2018-09-06 20:16:42,228,C,75.5,74,13,8,1,0,1,OK,0,00e46fcad1cf8d4892,
1536265010415,2018-09-06 20:16:50,228,C,75.5,74,13,8,1,0,1,OK,0,00e46fcad1cf8d4892,
1536265017199,2018-09-06 20:16:57,14052,B,71.6,72,18,12,1,0,1,OK,0,b6e46f48d12812cc28,
1536265018338,2018-09-06 20:16:58,228,C,75.5,74,13,8,1,1,1,OK,0,00e46fcad1cf8de832,
1536265025580,2018-09-06 20:17:05,14052,B,71.6,72,18,12,1,0,1,OK,0,b6e46f48d12812cc28,
1536265033449,2018-09-06 20:17:13,14052,B,71.6,72,18,12,1,0,1,OK,0,b6e46f48d12812cc28,
1536265034526,2018-09-06 20:17:14,228,C,75.5,75,13,8,1,0,1,OK,0,00e46f4bd1cf8d4813,
1536265041318,2018-09-06 20:17:21,14052,B,71.6,72,18,12,1,0,1,OK,0,b6e46f48d12812cc28,
1536265042383,2018-09-06 20:17:22,228,C,75.5,75,13,8,1,1,1,OK,0,00e46f4bd1cf8de8b3,
1536265049292,2018-09-06 20:17:29,14052,B,71.6,72,18,12,1,0,1,OK,0,b6e46f48d12812cc28,
1536265057599,2018-09-06 20:17:37,14052,B,71.4,72,18,12,1,0,1,OK,0,b6e46f48d1a612cca6,
1536265065432,2018-09-06 20:17:45,14052,B,71.4,72,18,12,1,0,1,OK,0,b6e46f48d1a612cca6,
1536265066511,2018-09-06 20:17:46,228,C,75.4,75,13,8,1,0,1,OK,0,00e46f4bd14e8d4892,
1536265073330,2018-09-06 20:17:53,14052,B,71.4,72,18,12,1,0,1,OK,0,b6e46f48d1a612cca6,
1536265074375,2018-09-06 20:17:54,228,C,75.4,75,13,8,1,0,1,OK,0,00e46f4bd14e8d4892,
1536265082211,2018-09-06 20:18:02,228,C,74.6,75,13,8,1,0,1,OK,0,00e46f4bd1c68d480a,
1536265089582,2018-09-06 20:18:09,14052,B,71.4,72,18,12,1,0,1,OK,0,b6e46f48d1a612cca6,
1536265090162,2018-09-06 20:18:10,228,C,74.6,75,13,8,1,0,1,OK,0,00e46f4bd1c68d480a,
1536265105281,2018-09-06 20:18:25,14052,B,71.4,72,18,12,1,1,1,OK,0,b6e46f48d1a6126c46,
1536265106361,2018-09-06 20:18:26,228,C,75.2,75,14,8,1,0,0,OK,0,00e46f4bd1cc8e8851,
1536265113697,2018-09-06 20:18:33,14052,B,71.4,72,18,12,1,0,1,OK,0,b6e46f48d1a612cca6,
1536265114196,2018-09-06 20:18:34,228,C,75.2,75,14,8,1,0,0,OK,0,00e46f4bd1cc8e8851,
1536265121567,2018-09-06 20:18:41,14052,B,71.4,72,18,12,1,0,1,OK,0,b6e46f48d1a612cca6,
1536265122059,2018-09-06 20:18:42,228,C,75.2,75,14,8,1,0,0,OK,0,00e46f4bd1cc8e8851,
1536265130471,2018-09-06 20:18:50,228,C,75.2,75,14,8,1,0,0,OK,0,00e46f4bd1cc8e8851,
1536265137290,2018-09-06 20:18:57,14052,B,71.2,72,18,12,1,0,1,OK,0,b6e46f48d12412cc24,
1536265138339,2018-09-06 20:18:58,228,C,75.2,75,14,8,1,0,0,OK,0,00e46f4bd1cc8e8851,
1536265145645,2018-09-06 20:19:05,14052,B,71.2,72,18,12,1,0,1,OK,0,b6e46f48d12412cc24,
1536265146247,2018-09-06 20:19:06,228,C,75.2,75,14,8,1,0,0,OK,0,00e46f4bd1cc8e8851,
1536265153547,2018-09-06 20:19:13,14052,B,70.1,75,18,12,1,0,1,OK,0,b6e46f4bd19912cc9c,
1536265154048,2018-09-06 20:19:14,228,C,75.2,76,14,8,1,0,0,OK,0,00e46fccd1cc8e88d2,
1536265161380,2018-09-06 20:19:21,14052,B,70.1,75,18,12,1,0,1,OK,0,b6e46f4bd19912cc9c,
1536265162429,2018-09-06 20:19:22,228,C,75.2,76,14,8,1,0,0,OK,0,00e46fccd1cc8e88d2,
1536265169241,2018-09-06 20:19:29,14052,B,70.1,75,18,12,1,0,1,OK,0,b6e46f4bd19912cc9c,
1536265170326,2018-09-06 20:19:30,228,C,75.2,76,14,8,1,0,0,OK,0,00e46fccd1cc8e88d2,
1536265177631,2018-09-06 20:19:37,14052,B,71,73,18,12,1,1,1,OK,0,b6e46fc9d122126c43,
1536265178160,2018-09-06 20:19:38,228,C,75,76,14,8,1,0,0,OK,0,00e46fccd1ca8e88d0,
1536265186575,2018-09-06 20:19:46,228,C,75,76,14,8,1,0,0,OK,0,00e46fccd1ca8e88d0,
1536265194411,2018-09-06 20:19:54,228,C,75,76,14,8,1,0,0,OK,0,00e46fccd1ca8e88d0,
1536265209647,2018-09-06 20:20:09,14052,B,71,73,18,12,1,0,1,OK,0,b6e46fc9d12212cca3,
1536265210142,2018-09-06 20:20:10,228,C,75,76,14,8,1,0,0,OK,0,00e46fccd1ca8e88d0,
1536265217502,2018-09-06 20:20:17,14052,B,71,73,18,12,1,0,1,OK,0,b6e46fc9d12212cca3,
1536265218524,2018-09-06 20:20:18,228,C,75,76,14,8,1,0,0,OK,0,00e46fccd1ca8e88d0,
1536265225381,2018-09-06 20:20:25,14052,B,70.7,73,18,12,1,0,1,OK,0,b6e46fc9d19f12cc20,
1536265226435,2018-09-06 20:20:26,228,C,74.6,77,14,8,1,0,0,OK,0,00e46f4dd1c68e884d,
1536265233249,2018-09-06 20:20:33,14052,B,70.7,73,18,12,1,0,1,OK,0,b6e46fc9d19f12cc20,
1536265241620,2018-09-06 20:20:41,14052,B,70.7,73,18,12,1,0,1,OK,0,b6e46fc9d19f12cc20,
1536265249514,2018-09-06 20:20:49,14052,B,70.7,73,18,12,1,0,1,OK,0,b6e46fc9d19f12cc20,
1536265250543,2018-09-06 20:20:50,228,C,74.6,77,14,8,1,0,0,OK,0,00e46f4dd1c68e884d,
1536265257358,2018-09-06 20:20:57,14052,B,70.7,73,18,12,1,0,1,OK,0,b6e46fc9d19f12cc20,
1536265258407,2018-09-06 20:20:58,228,C,74.6,77,14,8,1,0,0,OK,0,00e46f4dd1c68e884d,
1536265265216,2018-09-06 20:21:05,14052,B,70.7,73,18,12,1,0,1,OK,0,b6e46fc9d19f12cc20,
1536265266274,2018-09-06 20:21:06,228,C,74.6,77,14,8,1,0,0,OK,0,00e46f4dd1c68e884d,
1536265273608,2018-09-06 20:21:13,14052,B,70.7,73,18,12,1,0,1,OK,0,b6e46fc9d19f12cc20,
1536265274102,2018-09-06 20:21:14,228,C,74.5,77,14,8,1,0,0,OK,0,00e46f4dd1c58e884c,
1536265281441,2018-09-06 20:21:21,14052,B,70.7,73,18,12,1,0,1,OK,0,b6e46fc9d19f12cc20,
1536265282498,2018-09-06 20:21:22,228,C,74.5,77,14,8,1,1,0,OK,0,00e46f4dd1c58e28ec,
1536265289339,2018-09-06 20:21:29,14052,B,70.7,73,18,12,1,0,1,OK,0,b6e46fc9d19f12cc20,
1536265290389,2018-09-06 20:21:30,228,C,74.5,77,14,8,1,0,0,OK,0,00e46f4dd1c58e884c,
1536265297720,2018-09-06 20:21:37,14052,B,70.5,74,18,12,1,0,1,OK,0,b6e46fcad11d12cc9f,
1536265298218,2018-09-06 20:21:38,228,C,74.5,77,14,8,1,0,0,OK,0,00e46f4dd1c58e884c,
1536265305583,2018-09-06 20:21:45,14052,B,70.5,74,18,12,1,1,1,OK,0,b6e46fcad11d126c3f,
1536265306090,2018-09-06 20:21:46,228,C,74.5,77,14,8,1,0,0,OK,0,00e46f4dd1c58e884c,
1536265313466,2018-09-06 20:21:53,14052,B,70.5,74,18,12,1,0,1,OK,0,b6e46fcad11d12cc9f,
1536265321319,2018-09-06 20:22:01,14052,B,71.8,74,18,12,1,0,1,OK,0,b6e46fcad1aa12cc2c,
1536265322368,2018-09-06 20:22:02,228,C,74.3,78,14,8,1,0,0,OK,0,00e46f4ed1c38e884b,
1536265329674,2018-09-06 20:22:09,14052,B,71.8,74,18,12,1,0,1,OK,0,b6e46fcad1aa12cc2c,
1536265330234,2018-09-06 20:22:10,228,C,74.3,78,14,8,1,0,0,OK,0,00e46f4ed1c38e884b,
1536265337539,2018-09-06 20:22:17,14052,B,71.8,74,18,12,1,0,1,OK,0,b6e46fcad1aa12cc2c,
1536265338066,2018-09-06 20:22:18,228,C,74.3,78,14,8,1,0,0,OK,0,00e46f4ed1c38e884b,
1536265345405,2018-09-06 20:22:25,14052,B,70.5,74,18,12,1,0,1,OK,0,b6e46fcad11d12cc9f,
1536265353396,2018-09-06 20:22:33,14052,B,70.5,74,18,12,1,0,1,OK,0,b6e46fcad11d12cc9f,
1536265354320,2018-09-06 20:22:34,228,C,74.3,78,14,8,1,0,0,OK,0,00e46f4ed1c38e884b,
1536265362247,2018-09-06 20:22:42,228,C,74.3,78,14,8,1,0,0,OK,0,00e46f4ed1c38e884b,
1536265369556,2018-09-06 20:22:49,14052,B,70.5,74,18,12,1,0,1,OK,0,b6e46fcad11d12cc9f,
1536265370099,2018-09-06 20:22:50,228,C,74.3,78,14,8,1,0,0,OK,0,00e46f4ed1c38e884b,
1536265385289,2018-09-06 20:23:05,14052,B,70.5,74,18,12,1,0,1,OK,0,b6e46fcad11d12cc9f,
1536265394718,2018-09-06 20:23:14,228,C,74.1,79,14,8,1,1,0,OK,0,00e46fcfd1418e28ea,
1536265402070,2018-09-06 20:23:22,228,C,74.1,79,14,8,1,0,0,OK,0,00e46fcfd1418e884a,
1536265410449,2018-09-06 20:23:30,228,C,74.1,79,14,8,1,0,0,OK,0,00e46fcfd1418e884a,
1536265418315,2018-09-06 20:23:38,228,C,74.1,79,14,8,1,1,0,OK,0,00e46fcfd1418e28ea,
1536265426151,2018-09-06 20:23:46,228,C,74.1,79,14,8,1,1,0,OK,0,00e46fcfd1418e28ea,
1536265434564,2018-09-06 20:23:54,228,C,74.1,79,14,8,1,0,0,OK,0,00e46fcfd1418e884a,
1536265441401,2018-09-06 20:24:01,14052,B,70.1,76,18,12,1,0,1,OK,0,b6e46fccd19912cc1d,
1536265442425,2018-09-06 20:24:02,228,C,73.7,79,14,8,1,1,0,OK,0,00e46fcfd1bd8e2866,
1536265449256,2018-09-06 20:24:09,14052,B,70.1,76,18,12,1,0,1,OK,0,b6e46fccd19912cc1d,
1536265450266,2018-09-06 20:24:10,228,C,73.7,79,14,8,1,0,0,OK,0,00e46fcfd1bd8e88c6,
1536265457616,2018-09-06 20:24:17,14052,B,70.1,76,18,12,1,0,1,OK,0,b6e46fccd19912cc1d,
1536265458160,2018-09-06 20:24:18,228,C,73.7,79,14,8,1,0,0,OK,0,00e46fcfd1bd8e88c6,
1536265465499,2018-09-06 20:24:25,14052,B,70.1,77,18,12,1,0,1,OK,0,b6e46f4dd19912cc9e,
1536265466546,2018-09-06 20:24:26,228,C,73.7,79,14,8,1,0,0,OK,0,00e46fcfd1bd8e88c6,
1536265474430,2018-09-06 20:24:34,228,C,73.7,79,14,8,1,0,0,OK,0,00e46fcfd1bd8e88c6,
1536265482275,2018-09-06 20:24:42,228,C,73.7,79,14,8,1,1,0,OK,0,00e46fcfd1bd8e2866,
1536265490112,2018-09-06 20:24:50,228,C,73.7,79,14,8,1,0,0,OK,0,00e46fcfd1bd8e88c6,
1536265497450,2018-09-06 20:24:57,14052,B,70.1,78,18,12,1,0,1,OK,0,b6e46f4ed19912cc9f,
1536265498529,2018-09-06 20:24:58,228,C,73.7,79,14,8,1,0,0,OK,0,00e46fcfd1bd8e88c6,
1536265505350,2018-09-06 20:25:05,14052,B,70.1,78,18,12,1,0,1,OK,0,b6e46f4ed19912cc9f,
1536265506400,2018-09-06 20:25:06,228,C,73.7,79,14,8,1,0,0,OK,0,00e46fcfd1bd8e88c6,
1536265514231,2018-09-06 20:25:14,228,C,73.6,80,14,8,1,0,0,OK,0,00e46f50d13c8e88c6,
1536265522097,2018-09-06 20:25:22,228,C,73.6,80,14,8,1,0,0,OK,0,00e46f50d13c8e88c6,
1536265529464,2018-09-06 20:25:29,14052,B,70.1,77,18,12,1,1,1,OK,0,b6e46f4dd199126c3e,
1536265537355,2018-09-06 20:25:37,14052,B,70.1,77,18,12,1,0,1,OK,0,b6e46f4dd19912cc9e,
1536265538378,2018-09-06 20:25:38,228,C,73.6,79,14,8,1,1,0,OK,0,00e46fcfd13c8e28e5,
1536265545706,2018-09-06 20:25:45,14052,B,70.1,77,18,12,1,0,1,OK,0,b6e46f4dd19912cc9e,
1536265546210,2018-09-06 20:25:46,228,C,73.6,79,14,8,1,1,0,OK,0,00e46fcfd13c8e28e5,
1536265553578,2018-09-06 20:25:53,14052,B,70.1,77,18,12,1,0,1,OK,0,b6e46f4dd19912cc9e,
1536265561440,2018-09-06 20:26:01,14052,B,69.8,76,18,12,1,0,1,OK,0,b6e46fccd19612cc1a,
1536265569324,2018-09-06 20:26:09,14052,B,69.8,76,18,12,1,1,1,OK,0,b6e46fccd196126cba,
1536265570382,2018-09-06 20:26:10,228,C,73.4,79,14,8,1,0,0,OK,0,00e46fcfd13a8e8843,
1536265577709,2018-09-06 20:26:17,14052,B,69.8,76,18,12,1,0,1,OK,0,b6e46fccd19612cc1a,
1536265585577,2018-09-06 20:26:25,14052,B,69.8,77,18,12,1,0,1,OK,0,b6e46f4dd19612cc9b,
1536265593398,2018-09-06 20:26:33,14052,B,69.8,77,18,12,1,0,1,OK,0,b6e46f4dd19612cc9b,
1536265602340,2018-09-06 20:26:42,228,C,73.4,79,14,8,1,1,0,OK,0,00e46fcfd13a8e28e3,
1536265610208,2018-09-06 20:26:50,228,C,73,79,14,8,1,0,0,OK,0,00e46fcfd1368e883f,
1536265617543,2018-09-06 20:26:57,14052,B,69.6,78,18,12,1,0,1,OK,0,b6e46f4ed11412cc1a,
1536265633271,2018-09-06 20:27:13,14052,B,69.6,77,18,12,1,0,1,OK,0,b6e46f4dd11412cc19,
1536265634328,2018-09-06 20:27:14,228,C,73,79,14,8,1,0,0,OK,0,00e46fcfd1368e883f,
1536265641658,2018-09-06 20:27:21,14052,B,69.6,77,18,12,1,0,1,OK,0,b6e46f4dd11412cc19,
1536265642158,2018-09-06 20:27:22,228,C,73,79,14,8,1,0,0,OK,0,00e46fcfd1368e883f,
1536265649495,2018-09-06 20:27:29,14052,B,69.6,77,18,12,1,0,1,OK,0,b6e46f4dd11412cc19,
1536265650573,2018-09-06 20:27:30,228,C,73,79,14,8,1,1,0,OK,0,00e46fcfd1368e28df,
1536265657389,2018-09-06 20:27:37,14052,B,69.6,77,18,12,1,0,1,OK,0,b6e46f4dd11412cc19,
1536265658437,2018-09-06 20:27:38,228,C,72.8,79,14,8,1,0,0,OK,0,00e46fcfd1b48e88bd,
1536265666276,2018-09-06 20:27:46,228,C,72.8,79,14,8,1,0,0,OK,0,00e46fcfd1b48e88bd,
1536265673655,2018-09-06 20:27:53,14052,B,69.6,77,18,12,1,1,1,OK,0,b6e46f4dd114126cb9,
1536265681476,2018-09-06 20:28:01,14052,B,68.3,77,18,12,1,0,1,OK,0,b6e46f4dd18712cc8c,
1536265689380,2018-09-06 20:28:09,14052,B,68.3,77,18,12,1,1,1,OK,0,b6e46f4dd187126c2c,
1536265690429,2018-09-06 20:28:10,228,C,72.8,79,14,8,1,1,0,OK,0,00e46fcfd1b48e285d,
1536265697287,2018-09-06 20:28:17,14052,B,68.3,77,18,12,1,0,1,OK,0,b6e46f4dd18712cc8c,
1536265698295,2018-09-06 20:28:18,228,C,72.8,79,14,8,1,0,0,OK,0,00e46fcfd1b48e88bd,
1536265721357,2018-09-06 20:28:41,14052,B,69.6,79,18,12,1,0,1,OK,0,b6e46fcfd11412cc9b,
1536265729191,2018-09-06 20:28:49,14052,B,69.2,79,18,12,1,0,1,OK,0,b6e46fcfd19012cc17,
1536265730240,2018-09-06 20:28:50,228,C,72.5,79,14,8,1,0,0,OK,0,00e46fcfd1b18e88ba,
1536265737581,2018-09-06 20:28:57,14052,B,69.2,79,18,12,1,0,1,OK,0,b6e46fcfd19012cc17,
1536265738643,2018-09-06 20:28:58,228,C,72.5,79,14,8,1,1,0,OK,0,00e46fcfd1b18e285a,
1536265746492,2018-09-06 20:29:06,228,C,72.5,79,14,8,1,0,0,OK,0,00e46fcfd1b18e88ba,
1536265753358,2018-09-06 20:29:13,14052,B,69.2,82,18,12,1,0,1,OK,0,b6e46fd2d19012cc1a,
1536265754386,2018-09-06 20:29:14,228,C,72.5,80,14,8,1,0,0,OK,0,00e46f50d1b18e883b,
1536265761693,2018-09-06 20:29:21,14052,B,69.2,82,18,12,1,0,1,OK,0,b6e46fd2d19012cc1a,
1536265769600,2018-09-06 20:29:29,14052,B,69.2,82,18,12,1,0,1,OK,0,b6e46fd2d19012cc1a,
1536265770096,2018-09-06 20:29:30,228,C,72.5,80,14,8,1,1,0,OK,0,00e46f50d1b18e28db,
1536265777461,2018-09-06 20:29:37,14052,B,69.1,82,18,12,1,0,1,OK,0,b6e46fd2d10f12cc99,
1536265778477,2018-09-06 20:29:38,228,C,72.3,80,14,8,1,1,0,OK,0,00e46f50d1af8e28d9,
1536265785329,2018-09-06 20:29:45,14052,B,69.1,82,18,12,1,0,1,OK,0,b6e46fd2d10f12cc99,
1536265786338,2018-09-06 20:29:46,228,C,72.3,80,14,8,1,1,0,OK,0,00e46f50d1af8e28d9,
1536265793700,2018-09-06 20:29:53,14052,B,69.1,82,18,12,1,0,1,OK,0,b6e46fd2d10f12cc99,
1536265794757,2018-09-06 20:29:54,228,C,72.3,80,14,8,1,0,0,OK,0,00e46f50d1af8e8839,
1536265801568,2018-09-06 20:30:01,14052,B,70.3,81,18,12,1,0,1,OK,0,b6e46fd1d11b12cca4,
1536265802613,2018-09-06 20:30:02,228,C,72.3,81,14,8,1,0,0,OK,0,00e46fd1d1af8e88ba,
1536265810459,2018-09-06 20:30:10,228,C,72.3,81,14,8,1,0,0,OK,0,00e46fd1d1af8e88ba,
1536265817402,2018-09-06 20:30:17,14052,B,70.3,81,18,12,1,0,1,OK,0,b6e46fd1d11b12cca4,
1536265818354,2018-09-06 20:30:18,228,C,72.3,81,14,8,1,1,0,OK,0,00e46fd1d1af8e285a,
1536265825685,2018-09-06 20:30:25,14052,B,69.1,80,18,12,1,0,1,OK,0,b6e46f50d10f12cc17,
1536265833546,2018-09-06 20:30:33,14052,B,69.1,80,18,12,1,0,1,OK,0,b6e46f50d10f12cc17,
1536265834132,2018-09-06 20:30:34,228,C,73.4,81,14,8,1,0,0,OK,0,00e46fd1d13a8e8845,
1536265841418,2018-09-06 20:30:41,14052,B,69.1,80,18,12,1,0,1,OK,0,b6e46f50d10f12cc17,
1536265849255,2018-09-06 20:30:49,14052,B,68.9,80,18,12,1,0,1,OK,0,b6e46f50d18d12cc95,
1536265857668,2018-09-06 20:30:57,14052,B,68.9,80,18,12,1,0,1,OK,0,b6e46f50d18d12cc95,
1536265858174,2018-09-06 20:30:58,228,C,72.1,81,14,8,1,1,0,OK,0,00e46fd1d12d8e28d8,
1536265866072,2018-09-06 20:31:06,228,C,72.1,81,14,8,1,1,0,OK,0,00e46fd1d12d8e28d8,
1536265874464,2018-09-06 20:31:14,228,C,72.8,81,14,8,1,0,0,OK,0,00e46fd1d1b48e88bf,
1536265881235,2018-09-06 20:31:21,14052,B,69.2,80,18,12,1,0,1,OK,0,b6e46f50d19012cc98,
1536265882282,2018-09-06 20:31:22,228,C,72.8,81,14,8,1,0,0,OK,0,00e46fd1d1b48e88bf,
1536265889648,2018-09-06 20:31:29,14052,B,69.2,80,18,12,1,0,1,OK,0,b6e46f50d19012cc98,
1536265898542,2018-09-06 20:31:38,228,C,71.9,81,14,8,1,0,0,OK,0,00e46fd1d12b8e8836,
1536265906398,2018-09-06 20:31:46,228,C,71.9,81,14,8,1,1,0,OK,0,00e46fd1d12b8e28d6,
1536265921612,2018-09-06 20:32:01,14052,B,68.7,80,18,12,1,0,1,OK,0,b6e46f50d18b12cc93,
1536265922170,2018-09-06 20:32:02,228,C,71.9,81,14,8,1,0,0,OK,0,00e46fd1d12b8e8836,
1536265929569,2018-09-06 20:32:09,14052,B,68.7,80,18,12,1,0,1,OK,0,b6e46f50d18b12cc93,
1536265930524,2018-09-06 20:32:10,228,C,71.9,81,14,8,1,1,0,OK,0,00e46fd1d12b8e28d6,
1536265937338,2018-09-06 20:32:17,14052,B,68.7,80,18,12,1,0,1,OK,0,b6e46f50d18b12cc93,
1536265938423,2018-09-06 20:32:18,228,C,71.9,81,14,8,1,0,0,OK,0,00e46fd1d12b8e8836,
1536265945201,2018-09-06 20:32:25,14052,B,68.7,79,18,12,1,0,1,OK,0,b6e46fcfd18b12cc12,
1536265946252,2018-09-06 20:32:26,228,C,71.9,81,14,8,1,0,0,OK,0,00e46fd1d12b8e8836,
1536265953597,2018-09-06 20:32:33,14052,B,68.7,79,18,12,1,1,1,OK,0,b6e46fcfd18b126cb2,
1536265954211,2018-09-06 20:32:34,228,C,71.9,81,14,8,1,0,0,OK,0,00e46fd1d12b8e8836,
1536265962510,2018-09-06 20:32:42,228,C,71.9,81,14,8,1,0,0,OK,0,00e46fd1d12b8e8836,
1536265969458,2018-09-06 20:32:49,14052,B,68.7,80,18,12,1,0,1,OK,0,b6e46f50d18b12cc93,
1536265970371,2018-09-06 20:32:50,228,C,71.9,81,14,8,1,0,0,OK,0,00e46fd1d12b8e8836,
1536265986268,2018-09-06 20:33:06,228,C,71.9,81,14,8,1,0,0,OK,0,00e46fd1d12b8e8836,
1536265993460,2018-09-06 20:33:13,14052,B,69.8,80,18,12,1,0,1,OK,0,b6e46f50d19612cc9e,
1536265994488,2018-09-06 20:33:14,228,C,71.6,82,14,8,1,0,0,OK,0,00e46fd2d1288e8834,
1536266001325,2018-09-06 20:33:21,14052,B,69.8,80,18,12,1,0,1,OK,0,b6e46f50d19612cc9e,
1536266002351,2018-09-06 20:33:22,228,C,71.6,82,14,8,1,1,0,OK,0,00e46fd2d1288e28d4,
1536266009180,2018-09-06 20:33:29,14052,B,69.8,80,18,12,1,0,1,OK,0,b6e46f50d19612cc9e,
1536266010216,2018-09-06 20:33:30,228,C,71.6,82,14,8,1,0,0,OK,0,00e46fd2d1288e8834,
1536266017550,2018-09-06 20:33:37,14052,B,68.7,82,18,12,1,0,1,OK,0,b6e46fd2d18b12cc15,
1536266018085,2018-09-06 20:33:38,228,C,71.6,82,14,8,1,1,0,OK,0,00e46fd2d1288e28d4,
1536266025562,2018-09-06 20:33:45,14052,B,68.7,82,18,12,1,0,1,OK,0,b6e46fd2d18b12cc15,
1536266026501,2018-09-06 20:33:46,228,C,71.6,82,14,8,1,0,0,OK,0,00e46fd2d1288e8834,
1536266033310,2018-09-06 20:33:53,14052,B,68.7,82,18,12,1,0,1,OK,0,b6e46fd2d18b12cc15,
1536266034337,2018-09-06 20:33:54,228,C,71.6,82,14,8,1,0,0,OK,0,00e46fd2d1288e8834,
1536266041698,2018-09-06 20:34:01,14052,B,68.7,82,18,12,1,0,1,OK,0,b6e46fd2d18b12cc15,
1536266042216,2018-09-06 20:34:02,228,C,71.6,82,14,8,1,0,0,OK,0,00e46fd2d1288e8834,
1536266049531,2018-09-06 20:34:09,14052,B,68.7,82,18,12,1,0,1,OK,0,b6e46fd2d18b12cc15,
1536266050063,2018-09-06 20:34:10,228,C,71.6,82,14,8,1,0,0,OK,0,00e46fd2d1288e8834,
1536266057429,2018-09-06 20:34:17,14052,B,68.7,82,18,12,1,0,1,OK,0,b6e46fd2d18b12cc15,
1536266058452,2018-09-06 20:34:18,228,C,71.6,82,14,8,1,0,0,OK,0,00e46fd2d1288e8834,
1536266073682,2018-09-06 20:34:33,14052,B,68.9,80,18,12,1,0,1,OK,0,b6e46f50d18d12cc95,
1536266074178,2018-09-06 20:34:34,228,C,71.6,82,14,8,1,0,0,OK,0,00e46fd2d1288e8834,
1536266081536,2018-09-06 20:34:41,14052,B,68.9,80,18,12,1,0,1,OK,0,b6e46f50d18d12cc95,
1536266082049,2018-09-06 20:34:42,228,C,71.6,82,14,8,1,0,0,OK,0,00e46fd2d1288e8834,
1536266089391,2018-09-06 20:34:49,14052,B,68.7,81,18,12,1,0,1,OK,0,b6e46fd1d18b12cc14,
1536266097249,2018-09-06 20:34:57,14052,B,68.7,81,18,12,1,0,1,OK,0,b6e46fd1d18b12cc14,
1536266105630,2018-09-06 20:35:05,14052,B,68.7,81,18,12,1,0,1,OK,0,b6e46fd1d18b12cc14,
1536266106160,2018-09-06 20:35:06,228,C,71.6,83,14,8,1,0,0,OK,0,00e46f53d1288e88b5,
1536266114559,2018-09-06 20:35:14,228,C,71.6,83,14,8,1,1,0,OK,0,00e46f53d1288e2855,
1536266122411,2018-09-06 20:35:22,228,C,71.6,83,14,17,1,0,1,OK,0,00e46f53d1288ed1fe,
1536266129227,2018-09-06 20:35:29,14052,B,68.7,81,18,12,1,0,1,OK,0,b6e46fd1d18b12cc14,
1536266137641,2018-09-06 20:35:37,14052,B,69.8,81,18,12,1,0,1,OK,0,b6e46fd1d19612cc1f,
1536266138195,2018-09-06 20:35:38,228,C,72.5,83,14,17,1,0,1,OK,0,00e46f53d1b18ed187,
1536266153343,2018-09-06 20:35:53,14052,B,69.8,81,18,12,1,0,1,OK,0,b6e46fd1d19612cc1f,
1536266154426,2018-09-06 20:35:54,228,C,72.5,83,14,17,1,0,1,OK,0,00e46f53d1b18ed187,
1536266161235,2018-09-06 20:36:01,14052,B,68.7,81,18,12,1,0,1,OK,0,b6e46fd1d18b12cc14,
1536266162264,2018-09-06 20:36:02,228,C,71.6,83,14,17,1,0,1,OK,0,00e46f53d1288ed1fe,
1536266169616,2018-09-06 20:36:09,14052,B,68.7,81,18,12,1,0,1,OK,0,b6e46fd1d18b12cc14,
1536266170121,2018-09-06 20:36:10,228,C,71.6,83,14,17,1,0,1,OK,0,00e46f53d1288ed1fe,
1536266177457,2018-09-06 20:36:17,14052,B,68.7,81,18,12,1,0,1,OK,0,b6e46fd1d18b12cc14,
1536266178509,2018-09-06 20:36:18,228,C,71.6,83,14,17,1,0,1,OK,0,00e46f53d1288ed1fe,
1536266185322,2018-09-06 20:36:25,14052,B,68.7,81,18,12,1,0,1,OK,0,b6e46fd1d18b12cc14,
1536266186398,2018-09-06 20:36:26,228,C,71.6,83,14,17,1,0,1,OK,0,00e46f53d1288ed1fe,
1536266194270,2018-09-06 20:36:34,228,C,71.6,83,14,17,1,0,1,OK,0,00e46f53d1288ed1fe,
1536266201602,2018-09-06 20:36:41,14052,B,68.7,81,18,12,1,0,1,OK,0,b6e46fd1d18b12cc14,
1536266202116,2018-09-06 20:36:42,228,C,71.6,83,14,17,1,0,1,OK,0,00e46f53d1288ed1fe,
1536266209475,2018-09-06 20:36:49,14052,B,69.8,81,18,12,1,0,1,OK,0,b6e46fd1d19612cc1f,
1536266217427,2018-09-06 20:36:57,14052,B,69.8,81,18,12,1,0,1,OK,0,b6e46fd1d19612cc1f,
1536266218380,2018-09-06 20:36:58,228,C,70.9,84,15,15,1,0,0,OK,0,00e46fd4d1210f0f37,
1536266225171,2018-09-06 20:37:05,14052,B,69.8,81,18,12,1,0,1,OK,0,b6e46fd1d19612cc1f,
1536266226257,2018-09-06 20:37:06,228,C,70.9,84,15,15,1,0,0,OK,0,00e46fd4d1210f0f37,
1536266234085,2018-09-06 20:37:14,228,C,71.4,84,15,15,1,1,0,OK,0,00e46fd4d1a60faf5c,
1536266242495,2018-09-06 20:37:22,228,C,71.4,84,15,15,1,0,0,OK,0,00e46fd4d1a60f0fbc,
1536266249341,2018-09-06 20:37:29,14052,B,68.3,81,18,12,1,0,1,OK,0,b6e46fd1d18712cc10,
1536266250333,2018-09-06 20:37:30,228,C,71.4,84,15,15,1,0,0,OK,0,00e46fd4d1a60f0fbc,
1536266257703,2018-09-06 20:37:37,14052,B,68.3,82,18,12,1,0,1,OK,0,b6e46fd2d18712cc11,
1536266258205,2018-09-06 20:37:38,228,C,71.6,83,15,15,1,0,0,OK,0,00e46f53d1280f0fbd,
1536266266074,2018-09-06 20:37:46,228,C,71.6,83,15,15,1,1,0,OK,0,00e46f53d1280faf5d,
1536266273403,2018-09-06 20:37:53,14052,B,68.3,82,18,12,1,0,1,OK,0,b6e46fd2d18712cc11,
1536266274477,2018-09-06 20:37:54,228,C,71.6,83,15,15,1,0,0,OK,0,00e46f53d1280f0fbd,
1536266289684,2018-09-06 20:38:09,14052,B,68.3,82,18,12,1,1,1,OK,0,b6e46fd2d187126cb1,
1536266290189,2018-09-06 20:38:10,228,C,71.6,83,15,15,1,0,0,OK,0,00e46f53d1280f0fbd,
1536266305387,2018-09-06 20:38:25,14052,B,68.3,82,18,12,1,0,1,OK,0,b6e46fd2d18712cc11,
1536266306434,2018-09-06 20:38:26,228,C,71.6,83,15,15,1,0,0,OK,0,00e46f53d1280f0fbd,
1536266313276,2018-09-06 20:38:33,14052,B,68.3,82,18,12,1,0,1,OK,0,b6e46fd2d18712cc11,
1536266314299,2018-09-06 20:38:34,228,C,71.6,83,15,15,1,0,0,OK,0,00e46f53d1280f0fbd,
1536266321666,2018-09-06 20:38:41,14052,B,68.3,82,18,12,1,0,1,OK,0,b6e46fd2d18712cc11,
1536266322166,2018-09-06 20:38:42,228,C,71.6,83,15,15,1,0,0,OK,0,00e46f53d1280f0fbd,
1536266329535,2018-09-06 20:38:49,14052,B,68.3,82,18,12,1,0,1,OK,0,b6e46fd2d18712cc11,
1536266330035,2018-09-06 20:38:50,228,C,71.6,83,15,15,1,0,0,OK,0,00e46f53d1280f0fbd,
1536266337399,2018-09-06 20:38:57,14052,B,68.3,82,18,12,1,0,1,OK,0,b6e46fd2d18712cc11,
1536266345235,2018-09-06 20:39:05,14052,B,68.3,82,18,12,1,0,1,OK,0,b6e46fd2d18712cc11,
1536266346283,2018-09-06 20:39:06,228,C,71.6,83,15,15,1,1,0,OK,0,00e46f53d1280faf5d,
1536266353647,2018-09-06 20:39:13,14052,B,68.3,82,18,12,1,0,1,OK,0,b6e46fd2d18712cc11,
1536266354148,2018-09-06 20:39:14,228,C,71,83,15,15,1,0,0,OK,0,00e46f53d1220f0fb7,
1536266361523,2018-09-06 20:39:21,14052,B,68.3,82,18,12,1,0,1,OK,0,b6e46fd2d18712cc11,
1536266362565,2018-09-06 20:39:22,228,C,71,83,15,15,1,0,0,OK,0,00e46f53d1220f0fb7,
1536266370404,2018-09-06 20:39:30,228,C,71,83,15,15,1,0,0,OK,0,00e46f53d1220f0fb7,
1536266377251,2018-09-06 20:39:37,14052,B,68.3,82,18,12,1,0,1,OK,0,b6e46fd2d18712cc11,
1536266385625,2018-09-06 20:39:45,14052,B,68.3,82,18,12,1,0,1,OK,0,b6e46fd2d18712cc11,
1536266393467,2018-09-06 20:39:53,14052,B,68.3,82,18,12,1,0,1,OK,0,b6e46fd2d18712cc11,
1536266402412,2018-09-06 20:40:02,228,C,71.6,83,15,15,1,0,0,OK,0,00e46f53d1280f0fbd,
1536266409752,2018-09-06 20:40:09,14052,B,68.3,82,18,12,1,0,1,OK,0,b6e46fd2d18712cc11,
1536266410244,2018-09-06 20:40:10,228,C,71.6,83,15,15,1,0,0,OK,0,00e46f53d1280f0fbd,
1536266417582,2018-09-06 20:40:17,14052,B,68.3,82,18,12,1,1,1,OK,0,b6e46fd2d187126cb1,
1536266418112,2018-09-06 20:40:18,228,C,71.6,83,15,15,1,1,0,OK,0,00e46f53d1280faf5d,
1536266425451,2018-09-06 20:40:25,14052,B,68.3,82,18,12,1,0,1,OK,0,b6e46fd2d18712cc11,
1536266434366,2018-09-06 20:40:34,228,C,71.6,83,15,15,1,0,0,OK,0,00e46f53d1280f0fbd,
1536266442231,2018-09-06 20:40:42,228,C,71.6,83,15,15,1,0,0,OK,0,00e46f53d1280f0fbd,
1536266450211,2018-09-06 20:40:50,228,C,71.6,83,15,15,1,0,0,OK,0,00e46f53d1280f0fbd,
1536266458478,2018-09-06 20:40:58,228,C,71.6,83,15,15,1,0,0,OK,0,00e46f53d1280f0fbd,
1536266466346,2018-09-06 20:41:06,228,C,71.6,83,15,15,1,0,0,OK,0,00e46f53d1280f0fbd,
1536266474322,2018-09-06 20:41:14,228,C,71.6,83,15,15,1,0,0,OK,0,00e46f53d1280f0fbd,
1536266481575,2018-09-06 20:41:21,14052,B,68.3,84,18,12,1,0,1,OK,0,b6e46fd4d18712cc13,
1536266482598,2018-09-06 20:41:22,228,C,71.6,83,15,15,1,1,0,OK,0,00e46f53d1280faf5d,
1536266489448,2018-09-06 20:41:29,14052,B,68.3,84,18,12,1,0,1,OK,0,b6e46fd4d18712cc13,
1536266490466,2018-09-06 20:41:30,228,C,71.6,83,15,15,1,0,0,OK,0,00e46f53d1280f0fbd,
1536266497278,2018-09-06 20:41:37,14052,B,68.3,83,18,12,1,0,1,OK,0,b6e46f53d18712cc92,
1536266498355,2018-09-06 20:41:38,228,C,71.6,83,15,15,1,0,0,OK,0,00e46f53d1280f0fbd,
1536266506226,2018-09-06 20:41:46,228,C,71.6,83,15,15,1,1,0,OK,0,00e46f53d1280faf5d,
1536266513561,2018-09-06 20:41:53,14052,B,68.3,83,18,12,1,0,1,OK,0,b6e46f53d18712cc92,
1536266514609,2018-09-06 20:41:54,228,C,71.6,83,15,15,1,0,0,OK,0,00e46f53d1280f0fbd,
1536266522473,2018-09-06 20:42:02,228,C,71.6,83,15,15,1,0,0,OK,0,00e46f53d1280f0fbd,
1536266529291,2018-09-06 20:42:09,14052,B,68.3,83,18,12,1,0,1,OK,0,b6e46f53d18712cc92,
1536266530314,2018-09-06 20:42:10,228,C,71.6,83,15,15,1,0,0,OK,0,00e46f53d1280f0fbd,
1536266545554,2018-09-06 20:42:25,14052,B,68.3,83,18,12,1,0,1,OK,0,b6e46f53d18712cc92,
1536266546044,2018-09-06 20:42:26,228,C,71.6,83,15,15,1,0,0,OK,0,00e46f53d1280f0fbd,
1536266553380,2018-09-06 20:42:33,14052,B,68.3,83,18,12,1,0,1,OK,0,b6e46f53d18712cc92,
1536266554428,2018-09-06 20:42:34,228,C,71.6,83,15,15,1,0,0,OK,0,00e46f53d1280f0fbd,
1536266561359,2018-09-06 20:42:41,14052,B,68.3,83,18,12,1,0,1,OK,0,b6e46f53d18712cc92,
1536266562326,2018-09-06 20:42:42,228,C,71.6,83,15,15,1,0,0,OK,0,00e46f53d1280f0fbd,
1536266570209,2018-09-06 20:42:50,228,C,71.6,83,15,15,1,0,0,OK,0,00e46f53d1280f0fbd,
1536266577530,2018-09-06 20:42:57,14052,B,68.3,83,18,12,1,0,1,OK,0,b6e46f53d18712cc92,
1536266578575,2018-09-06 20:42:58,228,C,71.6,83,15,15,1,0,0,OK,0,00e46f53d1280f0fbd,
1536266585358,2018-09-06 20:43:05,14052,B,68.3,83,18,12,1,0,1,OK,0,b6e46f53d18712cc92,
1536266594275,2018-09-06 20:43:14,228,C,71.6,84,15,15,1,0,0,OK,0,00e46fd4d1280f0f3e,
1536266602242,2018-09-06 20:43:22,228,C,71.6,84,15,15,1,0,0,OK,0,00e46fd4d1280f0f3e,
1536266609473,2018-09-06 20:43:29,14052,B,68.3,83,18,12,1,0,1,OK,0,b6e46f53d18712cc92,
1536266625231,2018-09-06 20:43:45,14052,B,68.3,83,18,12,1,0,1,OK,0,b6e46f53d18712cc92,
1536266626310,2018-09-06 20:43:46,228,C,71.6,84,15,15,1,1,0,OK,0,00e46fd4d1280fafde,
1536266633614,2018-09-06 20:43:53,14052,B,68.3,83,18,12,1,0,1,OK,0,b6e46f53d18712cc92,
1536266641462,2018-09-06 20:44:01,14052,B,68.3,83,18,12,1,0,1,OK,0,b6e46f53d18712cc92,
1536266649362,2018-09-06 20:44:09,14052,B,68.3,83,18,12,1,0,1,OK,0,b6e46f53d18712cc92,
1536266657255,2018-09-06 20:44:17,14052,B,68.3,83,18,12,1,0,1,OK,0,b6e46f53d18712cc92,
1536266658268,2018-09-06 20:44:18,228,C,71.6,84,15,12,1,0,1,OK,0,00e46fd4d1280fccfb,
1536266665574,2018-09-06 20:44:25,14052,B,68.3,84,18,12,1,0,1,OK,0,b6e46fd4d18712cc13,
1536266666110,2018-09-06 20:44:26,228,C,71.6,84,15,12,1,0,1,OK,0,00e46fd4d1280fccfb,
1536266673468,2018-09-06 20:44:33,14052,B,68.3,84,18,12,1,0,1,OK,0,b6e46fd4d18712cc13,
1536266674491,2018-09-06 20:44:34,228,C,71.6,84,15,12,1,0,1,OK,0,00e46fd4d1280fccfb,
1536266681334,2018-09-06 20:44:41,14052,B,68.3,84,18,12,1,0,1,OK,0,b6e46fd4d18712cc13,
1536266682383,2018-09-06 20:44:42,228,C,71.6,84,15,12,1,0,1,OK,0,00e46fd4d1280fccfb,
1536266689204,2018-09-06 20:44:49,14052,B,69.6,84,18,12,1,0,1,OK,0,b6e46fd4d11412cca0,
1536266697588,2018-09-06 20:44:57,14052,B,69.6,84,18,12,1,0,1,OK,0,b6e46fd4d11412cca0,
1536266705423,2018-09-06 20:45:05,14052,B,69.6,84,18,12,1,0,1,OK,0,b6e46fd4d11412cca0,
1536266706476,2018-09-06 20:45:06,228,C,71.6,84,15,12,1,0,1,OK,0,00e46fd4d1280fccfb,
1536266721169,2018-09-06 20:45:21,14052,B,68.3,84,18,12,1,0,1,OK,0,b6e46fd4d18712cc13,
1536266722230,2018-09-06 20:45:22,228,C,71.6,84,15,12,1,0,1,OK,0,00e46fd4d1280fccfb,
1536266729565,2018-09-06 20:45:29,14052,B,68.3,84,18,12,1,0,1,OK,0,b6e46fd4d18712cc13,
1536266730066,2018-09-06 20:45:30,228,C,71.6,84,15,12,1,0,1,OK,0,00e46fd4d1280fccfb,
1536266738453,2018-09-06 20:45:38,228,C,71.6,84,15,12,1,0,1,OK,0,00e46fd4d1280fccfb,
1536266746330,2018-09-06 20:45:46,228,C,71.6,84,15,12,1,0,1,OK,0,00e46fd4d1280fccfb,
1536266754726,2018-09-06 20:45:54,228,C,71.6,84,15,12,1,0,1,OK,0,00e46fd4d1280fccfb,
1536266770435,2018-09-06 20:46:10,228,C,71.6,84,15,12,1,0,1,OK,0,00e46fd4d1280fccfb,
1536266777342,2018-09-06 20:46:17,14052,B,68.3,84,18,12,0,0,1,OK,0,b6e46fd4118712cc53,
1536266778325,2018-09-06 20:46:18,228,C,71.6,84,15,12,1,0,1,OK,0,00e46fd4d1280fccfb,
1536266786225,2018-09-06 20:46:26,228,C,71.9,84,15,12,1,0,1,OK,0,00e46fd4d12b0fccfe,
1536266794553,2018-09-06 20:46:34,228,C,71.9,84,15,12,1,0,1,OK,0,00e46fd4d12b0fccfe,
1536266801448,2018-09-06 20:46:41,14052,B,68,84,18,12,0,0,1,OK,0,b6e46fd4118412cc50,
1536266802444,2018-09-06 20:46:42,228,C,71.9,84,15,12,1,0,1,OK,0,00e46fd4d12b0fccfe,
1536266810278,2018-09-06 20:46:50,228,C,71.9,84,15,12,1,0,1,OK,0,00e46fd4d12b0fccfe,
1536266818151,2018-09-06 20:46:58,228,C,71.9,84,15,12,1,0,1,OK,0,00e46fd4d12b0fccfe,
1536266825487,2018-09-06 20:47:05,14052,B,68,84,18,12,0,0,1,OK,0,b6e46fd4118412cc50,
1536266826533,2018-09-06 20:47:06,228,C,71.9,84,15,12,1,0,1,OK,0,00e46fd4d12b0fccfe,
1536266842271,2018-09-06 20:47:22,228,C,71.9,84,15,12,1,0,1,OK,0,00e46fd4d12b0fccfe,
1536266849631,2018-09-06 20:47:29,14052,B,68,84,18,12,0,0,1,OK,0,b6e46fd4118412cc50,
1536266850684,2018-09-06 20:47:30,228,C,71.9,84,15,12,1,0,1,OK,0,00e46fd4d12b0fccfe,
1536266858544,2018-09-06 20:47:38,228,C,71.9,84,15,12,1,0,1,OK,0,00e46fd4d12b0fccfe,
1536266866406,2018-09-06 20:47:46,228,C,71.9,84,15,12,1,0,1,OK,0,00e46fd4d12b0fccfe,
1536266873333,2018-09-06 20:47:53,14052,B,68,84,18,12,0,0,1,OK,0,b6e46fd4118412cc50,
1536266874274,2018-09-06 20:47:54,228,C,71.9,84,15,12,1,0,1,OK,0,00e46fd4d12b0fccfe,
1536266882144,2018-09-06 20:48:02,228,C,71.9,84,15,12,1,0,1,OK,0,00e46fd4d12b0fccfe,
1536266890495,2018-09-06 20:48:10,228,C,71.9,84,15,12,1,0,1,OK,0,00e46fd4d12b0fccfe,
1536266897327,2018-09-06 20:48:17,14052,B,68,84,18,12,0,0,1,OK,0,b6e46fd4118412cc50,
1536266898390,2018-09-06 20:48:18,228,C,71.9,84,15,12,1,0,1,OK,0,00e46fd4d12b0fccfe,
1536266914249,2018-09-06 20:48:34,228,C,71.9,84,15,12,1,0,1,OK,0,00e46fd4d12b0fccfe,
1536266921457,2018-09-06 20:48:41,14052,B,68,84,18,12,0,1,1,OK,0,b6e46fd41184126cf0,
1536266922514,2018-09-06 20:48:42,228,C,71.9,84,15,12,1,0,1,OK,0,00e46fd4d12b0fccfe,
1536266930370,2018-09-06 20:48:50,228,C,71.9,84,15,12,1,0,1,OK,0,00e46fd4d12b0fccfe,
1536266938204,2018-09-06 20:48:58,228,C,71.9,84,15,12,1,0,1,OK,0,00e46fd4d12b0fccfe,
1536266945545,2018-09-06 20:49:05,14052,B,68,84,18,12,0,0,1,OK,0,b6e46fd4118412cc50,
1536266946074,2018-09-06 20:49:06,228,C,71.9,84,15,12,1,0,1,OK,0,00e46fd4d12b0fccfe,
1536266954486,2018-09-06 20:49:14,228,C,71.9,84,15,12,1,0,1,OK,0,00e46fd4d12b0fccfe,
1536266962324,2018-09-06 20:49:22,228,C,71.9,84,15,12,1,0,1,OK,0,00e46fd4d12b0fccfe,
1536266970219,2018-09-06 20:49:30,228,C,71.9,84,15,12,1,0,1,OK,0,00e46fd4d12b0fccfe,
1536266978133,2018-09-06 20:49:38,228,C,71.9,84,15,12,1,0,1,OK,0,00e46fd4d12b0fccfe,
1536266986489,2018-09-06 20:49:46,228,C,71.9,84,15,12,1,0,1,OK,0,00e46fd4d12b0fccfe,
1536266993309,2018-09-06 20:49:53,14052,B,67.8,84,18,12,0,0,1,OK,0,b6e46fd4118212cc4e,
1536266994307,2018-09-06 20:49:54,228,C,71.9,84,15,12,1,0,1,OK,0,00e46fd4d12b0fccfe,
1536267002167,2018-09-06 20:50:02,228,C,71.9,84,15,12,1,0,1,OK,0,00e46fd4d12b0fccfe,
